{
  "eye": {
    "orientation": [
      0.027507202699780464,
      0.5217462182044983,
      -0.0651993453502655,
      0.8501607179641724
    ],
    "magnitude": 0.5773502588272095,
    "position": [
      1624.3695068359375,
      241.02255249023438,
      1029.00390625
    ]
  },
  "radius": 692.8203125,
  "type": "PERSPECTIVE"
}