{
  "eye": {
    "orientation": [
      0.08147941529750824,
      -0.45647528767585754,
      0.06704280525445938,
      0.8834573030471802
    ],
    "magnitude": 0.5773502588272095,
    "position": [
      -761.8536376953125,
      -64.2236557006836,
      721.513427734375
    ]
  },
  "radius": 692.8203125,
  "type": "PERSPECTIVE"
}