{
  "eye": {
    "orientation": [
      0.02218908816576004,
      -0.02246519923210144,
      0.005505724344402552,
      0.9994862079620361
    ],
    "magnitude": 0.5773502588272095,
    "position": [
      -789.1996459960938,
      196.169677734375,
      4176.68212890625
    ]
  },
  "radius": 692.8203125,
  "type": "PERSPECTIVE"
}