{
  "eye": {
    "orientation": [
      0.29122453927993774,
      0.09345577657222748,
      -0.057298965752124786,
      0.9503531455993652
    ],
    "magnitude": 0.6819398999214172,
    "position": [
      733.928955078125,
      -800.6063232421875,
      1241.0296630859375
    ]
  },
  "radius": 692.8203125,
  "type": "PERSPECTIVE"
}