{
  "eye": {
    "orientation": [
      -0.42879223823547363,
      0.5444674491882324,
      0.18758538365364075,
      0.6960633993148804
    ],
    "magnitude": 0.2857142984867096,
    "position": [
      84.73186492919922,
      155.13462829589844,
      -42.87042236328125
    ]
  },
  "radius": 100,
  "type": "ORTHOGRAPHIC"
}